generation,best_fitness,mean_fitness,std_fitness,best_so_far,mutation_rate,run
0,18.96204993518133,20.71451314083679,0.9931342248513267,18.96204993518133,0.0,1
1,18.788854381999833,20.514858877783162,0.9847167337656015,18.788854381999833,0.5,1
2,18.255294535724687,20.359357780882632,1.0577752177834276,18.255294535724687,0.4950505050505051,1
3,17.73238075793812,20.03913568834906,1.1150307975946185,17.73238075793812,0.4901010101010101,1
4,15.970540018881465,19.42382333691485,1.2384521575742968,15.970540018881465,0.48515151515151517,1
5,15.709361307176243,18.777314565723174,1.2397309728795847,15.709361307176243,0.4802020202020202,1
6,15.70199920063936,18.088759916827687,1.1140028071266992,15.70199920063936,0.47525252525252526,1
7,14.972458299147444,17.455367762774074,1.0782399365785869,14.972458299147444,0.47030303030303033,1
8,14.972458299147444,16.917349282026777,1.0189788892643366,14.972458299147444,0.46535353535353535,1
9,14.68910462845192,16.613245151365664,1.0517916135326093,14.68910462845192,0.4604040404040404,1
10,14.68910462845192,16.09165517095796,0.8272538251589796,14.68910462845192,0.45545454545454545,1
11,14.68910462845192,15.813930193936239,0.7554564091029293,14.68910462845192,0.4505050505050505,1
12,14.68910462845192,15.688995171504773,0.6642661374870743,14.68910462845192,0.44555555555555554,1
13,14.367156809750927,15.448789631806376,0.6205471621639659,14.367156809750927,0.4406060606060606,1
14,14.367156809750927,15.310186855386691,0.6426224811923281,14.367156809750927,0.43565656565656563,1
15,14.367156809750927,15.28130814183262,0.6616804022553832,14.367156809750927,0.4307070707070707,1
16,14.289974874213241,15.11237887835255,0.5136973348180102,14.289974874213241,0.4257575757575758,1
17,14.289974874213241,15.098825355363406,0.5500513127256574,14.289974874213241,0.4208080808080808,1
18,14.289974874213241,15.035403763688617,0.48860818760669544,14.289974874213241,0.41585858585858587,1
19,14.289974874213241,14.931434773553615,0.4316257837023052,14.289974874213241,0.4109090909090909,1
20,14.289974874213241,15.00498224726369,0.5795790427579162,14.289974874213241,0.40595959595959596,1
21,14.289974874213241,14.79780038519666,0.3861311608162247,14.289974874213241,0.40101010101010104,1
22,14.289974874213241,14.713369316134242,0.43878664210761686,14.289974874213241,0.39606060606060606,1
23,14.289974874213241,14.750480672915385,0.5094660598525521,14.289974874213241,0.39111111111111113,1
24,14.289974874213241,14.724372049032844,0.4960153761903502,14.289974874213241,0.38616161616161615,1
25,14.289974874213241,14.826183515919759,0.5613186624608824,14.289974874213241,0.3812121212121212,1
26,14.289974874213241,14.66028788431568,0.3794702342730603,14.289974874213241,0.3762626262626263,1
27,14.214944167960988,14.59370575955012,0.36704515213507904,14.214944167960988,0.3713131313131313,1
28,14.214944167960988,14.607235627492106,0.44143519415359683,14.214944167960988,0.36636363636363634,1
29,14.214944167960988,14.714039230814297,0.5210100110183641,14.214944167960988,0.3614141414141414,1
30,14.214944167960988,14.65375887091768,0.5413289940815971,14.214944167960988,0.3564646464646465,1
31,14.214944167960988,14.586334666561708,0.47071484765881444,14.214944167960988,0.35151515151515156,1
32,14.214944167960988,14.541370790492772,0.3778405255763034,14.214944167960988,0.3465656565656566,1
33,14.214944167960988,14.52926878767051,0.35527165527364585,14.214944167960988,0.3416161616161616,1
34,14.214944167960988,14.551054266085172,0.47125195585249186,14.214944167960988,0.33666666666666667,1
35,14.214944167960988,14.50520512913704,0.4092878242111542,14.214944167960988,0.33171717171717174,1
36,14.214944167960988,14.529973130203059,0.4814667970265028,14.214944167960988,0.32676767676767676,1
37,14.214944167960988,14.526298955532296,0.4720175517452824,14.214944167960988,0.32181818181818184,1
38,14.214944167960988,14.506355762075513,0.4474246616788824,14.214944167960988,0.31686868686868686,1
39,14.214944167960988,14.46507491387878,0.403657313180119,14.214944167960988,0.31191919191919193,1
40,14.214944167960988,14.355853221478746,0.26178739567552756,14.214944167960988,0.306969696969697,1
41,14.214944167960988,14.487519258848474,0.5049182311790669,14.214944167960988,0.302020202020202,1
42,14.214944167960988,14.44802905038373,0.4640031570560748,14.214944167960988,0.29707070707070704,1
43,14.214944167960988,14.462848140745521,0.5399105175772974,14.214944167960988,0.2921212121212121,1
44,14.214944167960988,14.367199137794726,0.24654819319880708,14.214944167960988,0.2871717171717172,1
45,14.214944167960988,14.433389593664444,0.3868368733159004,14.214944167960988,0.28222222222222226,1
46,14.159126028197399,14.471228800089047,0.4031507074560929,14.159126028197399,0.2772727272727273,1
47,14.159126028197399,14.534282809181818,0.5245546340934328,14.159126028197399,0.2723232323232323,1
48,14.159126028197399,14.424111103879177,0.42511985881256115,14.159126028197399,0.2673737373737374,1
49,14.159126028197399,14.404268605781422,0.44064325817789585,14.159126028197399,0.26242424242424245,1
50,14.159126028197399,14.424173478121249,0.4434758113978285,14.159126028197399,0.2574747474747475,1
51,14.159126028197399,14.332315401086708,0.30572175008273433,14.159126028197399,0.25252525252525254,1
52,14.159126028197399,14.391400136723504,0.40041096773592627,14.159126028197399,0.24757575757575756,1
53,14.159126028197399,14.367770454370023,0.2736211337489005,14.159126028197399,0.24262626262626263,1
54,13.732050807568877,14.489063609007726,0.5128560662843791,13.732050807568877,0.2376767676767677,1
55,13.732050807568877,14.430280310225566,0.42376835643617367,13.732050807568877,0.23272727272727273,1
56,13.732050807568877,14.428192612158242,0.4839905850626704,13.732050807568877,0.2277777777777778,1
57,13.732050807568877,14.3612725047028,0.4603841185522635,13.732050807568877,0.22282828282828282,1
58,13.732050807568877,14.292645255692594,0.42760063011550925,13.732050807568877,0.2178787878787879,1
59,13.732050807568877,14.354889044207114,0.4907223870545635,13.732050807568877,0.21292929292929297,1
60,13.732050807568877,14.209620548671817,0.3674781873669296,13.732050807568877,0.207979797979798,1
61,13.732050807568877,14.154793567205212,0.37323070501845784,13.732050807568877,0.20303030303030306,1
62,13.732050807568877,14.094539833180274,0.2925523929688995,13.732050807568877,0.19808080808080808,1
63,13.732050807568877,14.098341974341157,0.31325583324384315,13.732050807568877,0.19313131313131315,1
64,13.732050807568877,14.014079579430904,0.2247947339139993,13.732050807568877,0.18818181818181817,1
65,13.732050807568877,13.970650663664715,0.3013893473304766,13.732050807568877,0.18323232323232325,1
66,13.732050807568877,13.981437846921477,0.4162769056507488,13.732050807568877,0.17828282828282832,1
67,13.732050807568877,13.940088327177296,0.3923332056008758,13.732050807568877,0.17333333333333334,1
68,13.732050807568877,13.898179723326953,0.29276712871830235,13.732050807568877,0.1683838383838384,1
69,13.732050807568877,13.916886418427136,0.3163614559178345,13.732050807568877,0.16343434343434343,1
70,13.732050807568877,13.942659950119703,0.48005663267921406,13.732050807568877,0.1584848484848485,1
71,13.732050807568877,13.832925054017805,0.30747908132439905,13.732050807568877,0.15353535353535352,1
72,13.732050807568877,13.806370304921366,0.18949261096404738,13.732050807568877,0.1485858585858586,1
73,13.732050807568877,13.844442589027153,0.3240544708446112,13.732050807568877,0.14363636363636367,1
74,13.732050807568877,13.792266901073813,0.1556479022877919,13.732050807568877,0.1386868686868687,1
75,13.732050807568877,13.78574803558637,0.1662988722979724,13.732050807568877,0.13373737373737377,1
76,13.732050807568877,13.80407845983587,0.18258439856132766,13.732050807568877,0.12878787878787878,1
77,13.732050807568877,13.817512131262724,0.25226958089019075,13.732050807568877,0.12383838383838386,1
78,13.732050807568877,13.790345072039878,0.29533144876933876,13.732050807568877,0.11888888888888893,1
79,13.732050807568877,13.769424784503402,0.1126397202521618,13.732050807568877,0.11393939393939395,1
80,13.732050807568877,13.788412282542218,0.1651105831386758,13.732050807568877,0.10898989898989903,1
81,13.732050807568877,13.793790682890629,0.22216381870409352,13.732050807568877,0.10404040404040404,1
82,13.732050807568877,13.741261134149568,0.05392712190393546,13.732050807568877,0.09909090909090912,1
83,13.732050807568877,13.771712028018818,0.2397191045079817,13.732050807568877,0.09414141414141414,1
84,13.732050807568877,13.757049657162893,0.12295916705187375,13.732050807568877,0.08919191919191921,1
85,13.732050807568877,13.743453249150384,0.07981709107055478,13.732050807568877,0.08424242424242429,1
86,13.732050807568877,13.76140469555784,0.1335467522027418,13.732050807568877,0.0792929292929293,1
87,13.732050807568877,13.744087950629126,0.08426000142174943,13.732050807568877,0.07434343434343438,1
88,13.732050807568877,13.755778738726917,0.1087408118196069,13.732050807568877,0.0693939393939394,1
89,13.732050807568877,13.796682664982347,0.28197074437918007,13.732050807568877,0.06444444444444447,1
90,13.732050807568877,13.82665896478377,0.3900337111026775,13.732050807568877,0.05949494949494949,1
91,13.732050807568877,13.743453249150384,0.07981709107055476,13.732050807568877,0.054545454545454564,1
92,13.732050807568877,13.742050807568877,0.06999999999999999,13.732050807568877,0.04959595959595964,1
93,13.732050807568877,13.742050807568877,0.06999999999999999,13.732050807568877,0.044646464646464656,1
94,13.732050807568877,13.742050807568877,0.06999999999999999,13.732050807568877,0.03969696969696973,1
95,13.732050807568877,13.744444352591445,0.06549489426802667,13.732050807568877,0.03474747474747475,1
96,13.732050807568877,13.743741595666668,0.08183551668454656,13.732050807568877,0.029797979797979823,1
97,13.732050807568877,13.743741595666668,0.08183551668454656,13.732050807568877,0.024848484848484897,1
98,13.732050807568877,13.766149870157617,0.23869343812118396,13.732050807568877,0.019898989898989916,1
99,13.732050807568877,13.774867820783598,0.24516145701713407,13.732050807568877,0.01494949494949499,1
100,13.732050807568877,13.774867820783598,0.24516145701713404,13.732050807568877,0.01,1
0,18.63527000944073,20.957018888430053,1.1829269380713485,18.63527000944073,0.0,2
1,18.14355957741627,20.63967210637964,1.2134130897555486,18.14355957741627,0.5,2
2,17.55329983228432,20.300273436853683,1.2516623058297254,17.55329983228432,0.4950505050505051,2
3,17.55329983228432,19.71176313304823,1.2081223455344157,17.55329983228432,0.4901010101010101,2
4,16.551881339845202,18.82562202062043,1.0007507886457143,16.551881339845202,0.48515151515151517,2
5,16.455946767611902,18.139931298208037,0.7866273134054227,16.455946767611902,0.4802020202020202,2
6,15.411871208194288,17.66953374375101,0.8106345294070976,15.411871208194288,0.47525252525252526,2
7,15.411871208194288,17.307539919892267,0.7545996484819776,15.411871208194288,0.47030303030303033,2
8,15.411871208194288,16.932295063378184,0.6543487180597044,15.411871208194288,0.46535353535353535,2
9,15.183266665599966,16.649058479002864,0.6027283110770905,15.183266665599966,0.4604040404040404,2
10,15.411871208194288,16.433759507595834,0.5188051854675114,15.183266665599966,0.45545454545454545,2
11,15.201428280002318,16.305281097850656,0.4772054263429401,15.183266665599966,0.4505050505050505,2
12,15.201428280002318,16.1299385379761,0.4693719127809121,15.183266665599966,0.44555555555555554,2
13,14.840063693621516,16.0271480057718,0.5735980243792633,14.840063693621516,0.4406060606060606,2
14,14.840063693621516,15.850870394918534,0.5113205225491623,14.840063693621516,0.43565656565656563,2
15,14.840063693621516,15.734519522641508,0.4938109951317964,14.840063693621516,0.4307070707070707,2
16,14.840063693621516,15.624338567428206,0.47473338582075925,14.840063693621516,0.4257575757575758,2
17,14.574021572639982,15.490753566591673,0.48282305354552385,14.574021572639982,0.4208080808080808,2
18,14.574021572639982,15.36964691532575,0.45192063572853003,14.574021572639982,0.41585858585858587,2
19,14.574021572639982,15.33846843181568,0.4764363532785519,14.574021572639982,0.4109090909090909,2
20,14.495829710142187,15.161164208777372,0.39752789960514445,14.495829710142187,0.40595959595959596,2
21,14.495829710142187,15.103312539103186,0.3040153290617185,14.495829710142187,0.40101010101010104,2
22,14.495829710142187,15.12008246796577,0.4529186103780881,14.495829710142187,0.39606060606060606,2
23,14.495829710142187,15.145878762206342,0.4825331291777089,14.495829710142187,0.39111111111111113,2
24,14.495829710142187,15.110337474866713,0.5663164740973743,14.495829710142187,0.38616161616161615,2
25,14.394438717061496,14.995076580833475,0.4643048554858263,14.394438717061496,0.3812121212121212,2
26,14.394438717061496,14.924638860001046,0.46525680649879797,14.394438717061496,0.3762626262626263,2
27,14.344994432064365,14.884955054198572,0.4843991133083944,14.344994432064365,0.3713131313131313,2
28,14.214944167960988,14.80738674337017,0.36960508914517537,14.214944167960988,0.36636363636363634,2
29,14.214944167960988,14.734762072198961,0.3762408459119271,14.214944167960988,0.3614141414141414,2
30,14.214944167960988,14.638143529878548,0.3176535781814933,14.214944167960988,0.3564646464646465,2
31,14.214944167960988,14.594520510309518,0.3486719590105445,14.214944167960988,0.35151515151515156,2
32,14.214944167960988,14.6037628690112,0.41816613974017397,14.214944167960988,0.3465656565656566,2
33,14.214944167960988,14.591153677417775,0.42668736270332186,14.214944167960988,0.3416161616161616,2
34,13.91916017074176,14.538121715435631,0.40175694528753836,13.91916017074176,0.33666666666666667,2
35,13.91916017074176,14.532136144296906,0.4074267379379533,13.91916017074176,0.33171717171717174,2
36,13.91916017074176,14.567005570963294,0.49238710618418235,13.91916017074176,0.32676767676767676,2
37,13.801999200639361,14.467395041112306,0.40774222612394806,13.801999200639361,0.32181818181818184,2
38,13.801999200639361,14.488144383987754,0.5621609024928084,13.801999200639361,0.31686868686868686,2
39,13.801999200639361,14.543480050931946,0.6670963269610192,13.801999200639361,0.31191919191919193,2
40,13.801999200639361,14.455231202217226,0.6307650754241246,13.801999200639361,0.306969696969697,2
41,13.801999200639361,14.347161173107311,0.567330992237917,13.801999200639361,0.302020202020202,2
42,13.801999200639361,14.224039950438097,0.5377338733696047,13.801999200639361,0.29707070707070704,2
43,13.693737745050923,14.160335056793834,0.4775493049426069,13.693737745050923,0.2921212121212121,2
44,13.693737745050923,14.168650090227004,0.5047486937188307,13.693737745050923,0.2871717171717172,2
45,13.607680962081059,14.055444669226029,0.36887832912126767,13.607680962081059,0.28222222222222226,2
46,13.607680962081059,13.970877792227746,0.2747005402292874,13.607680962081059,0.2772727272727273,2
47,13.607680962081059,13.996499968213302,0.36943756612731116,13.607680962081059,0.2723232323232323,2
48,13.607680962081059,13.942721008035727,0.3038144600001759,13.607680962081059,0.2673737373737374,2
49,13.607680962081059,13.932965800980721,0.3530523828276168,13.607680962081059,0.26242424242424245,2
50,13.607680962081059,13.923307493528704,0.46067909225634796,13.607680962081059,0.2574747474747475,2
51,13.607680962081059,13.842972587189104,0.2784591836453054,13.607680962081059,0.25252525252525254,2
52,13.478232998312528,13.820677992487438,0.26016989479234426,13.478232998312528,0.24757575757575756,2
53,13.37082869338697,13.759238471388494,0.3132150888652328,13.37082869338697,0.24262626262626263,2
54,13.37082869338697,13.733054855125259,0.3051492518707784,13.37082869338697,0.2376767676767677,2
55,13.37082869338697,13.731552617636215,0.3931344714189439,13.37082869338697,0.23272727272727273,2
56,13.37082869338697,13.73077055004255,0.38865905649838633,13.37082869338697,0.2277777777777778,2
57,13.37082869338697,13.648236725988276,0.3605743263218077,13.37082869338697,0.22282828282828282,2
58,13.37082869338697,13.632303515958661,0.38221230545696405,13.37082869338697,0.2178787878787879,2
59,13.37082869338697,13.610400899510735,0.3422456972119081,13.37082869338697,0.21292929292929297,2
60,13.37082869338697,13.553600713660883,0.2690095780910953,13.37082869338697,0.207979797979798,2
61,13.37082869338697,13.567300454358463,0.3215643236112222,13.37082869338697,0.20303030303030306,2
62,13.20293863659264,13.50892452406865,0.3113303554534743,13.20293863659264,0.19808080808080808,2
63,13.20293863659264,13.480415981007122,0.2969249691107491,13.20293863659264,0.19313131313131315,2
64,13.081138830084189,13.385415596117081,0.13156335485876067,13.081138830084189,0.18818181818181817,2
65,13.081138830084189,13.354433972120791,0.11874760431937864,13.081138830084189,0.18323232323232325,2
66,13.081138830084189,13.405942760128859,0.29181717153164244,13.081138830084189,0.17828282828282832,2
67,13.081138830084189,13.415130515811281,0.39562973215363034,13.081138830084189,0.17333333333333334,2
68,13.081138830084189,13.336752203550606,0.21234384972709097,13.081138830084189,0.1683838383838384,2
69,13.055294535724686,13.407438308557929,0.4085874026201205,13.055294535724686,0.16343434343434343,2
70,13.055294535724686,13.310822361887597,0.3093444028770569,13.055294535724686,0.1584848484848485,2
71,13.055294535724686,13.259983375757534,0.32331459997225515,13.055294535724686,0.15353535353535352,2
72,13.055294535724686,13.25009816242559,0.3141737382655758,13.055294535724686,0.1485858585858586,2
73,13.055294535724686,13.233359261174915,0.26960427522299685,13.055294535724686,0.14363636363636367,2
74,13.055294535724686,13.23143685981435,0.2788987076837155,13.055294535724686,0.1386868686868687,2
75,13.055294535724686,13.177923297131803,0.23066938326597664,13.055294535724686,0.13373737373737377,2
76,13.055294535724686,13.169206400010603,0.22398568099220897,13.055294535724686,0.12878787878787878,2
77,13.055294535724686,13.138408654318075,0.1993471830447456,13.055294535724686,0.12383838383838386,2
78,13.055294535724686,13.140733096879922,0.2821435605946054,13.055294535724686,0.11888888888888893,2
79,13.055294535724686,13.113276761681071,0.2664284080544258,13.055294535724686,0.11393939393939395,2
80,13.055294535724686,13.171131549578833,0.3250168644542494,13.055294535724686,0.10898989898989903,2
81,13.055294535724686,13.135801695583941,0.268960976731311,13.055294535724686,0.10404040404040404,2
82,13.055294535724686,13.136289356226655,0.2710798043264557,13.055294535724686,0.09909090909090912,2
83,13.055294535724686,13.148041424908675,0.29175124828119176,13.055294535724686,0.09414141414141414,2
84,13.055294535724686,13.08996429519283,0.14653356087834432,13.055294535724686,0.08919191919191921,2
85,12.914213562373096,13.1036839228526,0.26832648119927766,12.914213562373096,0.08424242424242429,2
86,12.914213562373096,13.052342799469695,0.052011955409168836,12.914213562373096,0.0792929292929293,2
87,12.914213562373096,13.095629311554417,0.19912290724913437,12.914213562373096,0.07434343434343438,2
88,12.914213562373096,13.066122314301706,0.22231376519669557,12.914213562373096,0.0693939393939394,2
89,12.914213562373096,13.038212208208124,0.10745909391507043,12.914213562373096,0.06444444444444447,2
90,12.914213562373096,13.019464875050637,0.130953484487623,12.914213562373096,0.05949494949494949,2
91,12.914213562373096,12.986980604828998,0.13139770783259552,12.914213562373096,0.054545454545454564,2
92,12.914213562373096,12.96053295515783,0.10195079617588715,12.914213562373096,0.04959595959595964,2
93,12.914213562373096,12.922678420774192,0.03350487479098122,12.914213562373096,0.044646464646464656,2
94,12.914213562373096,12.917035181840129,0.019751336269222614,12.914213562373096,0.03969696969696973,2
95,12.914213562373096,12.933355314238717,0.09886254680949855,12.914213562373096,0.03474747474747475,2
96,12.914213562373096,12.928841725962764,0.08458024507423274,12.914213562373096,0.029797979797979823,2
97,12.914213562373096,12.917035181840129,0.019751336269222614,12.914213562373096,0.024848484848484897,2
98,12.914213562373096,12.914213562373096,0.0,12.914213562373096,0.019898989898989916,2
99,12.914213562373096,12.95584816557594,0.2914422224199038,12.914213562373096,0.01494949494949499,2
100,12.914213562373096,12.934338592193804,0.14087520874495993,12.914213562373096,0.01,2
0,19.414213562373096,20.612387041535385,0.7718102206233801,19.414213562373096,0.0,3
1,19.322611077089288,20.408217277665806,0.7500310382719734,19.322611077089288,0.5,3
2,17.494064811316548,20.26277338773506,0.8837782860499055,17.494064811316548,0.4950505050505051,3
3,17.494064811316548,19.85902064428579,1.0063744048251912,17.494064811316548,0.4901010101010101,3
4,15.915880433163924,19.246823156894674,1.1820317820836328,15.915880433163924,0.48515151515151517,3
5,15.654119014694281,18.375966065910312,1.3155406760716433,15.654119014694281,0.4802020202020202,3
6,15.387475490101846,17.652561145476692,1.336265684386635,15.387475490101846,0.47525252525252526,3
7,15.387475490101846,17.161495626168847,1.1379457989178925,15.387475490101846,0.47030303030303033,3
8,15.387475490101846,16.60578042617268,0.8348831586972353,15.387475490101846,0.46535353535353535,3
9,15.340930106817051,16.337714774902892,0.7364942185013155,15.340930106817051,0.4604040404040404,3
10,15.340930106817051,16.13645479647562,0.5362622153533421,15.340930106817051,0.45545454545454545,3
11,15.278143885933064,16.04540235693603,0.566135891425882,15.278143885933064,0.4505050505050505,3
12,15.2319206502675,15.795842911040014,0.41266043327108054,15.2319206502675,0.44555555555555554,3
13,14.907567081708246,15.772474774529247,0.5624630957517681,14.907567081708246,0.4406060606060606,3
14,14.907567081708246,15.70949809934235,0.5921743281225053,14.907567081708246,0.43565656565656563,3
15,14.793237062523877,15.51998232513856,0.45468984723144334,14.793237062523877,0.4307070707070707,3
16,14.793237062523877,15.569535320652886,0.6312115608549541,14.793237062523877,0.4257575757575758,3
17,14.793237062523877,15.550573406636673,0.6244853757506424,14.793237062523877,0.4208080808080808,3
18,14.4649655434629,15.594184619820414,0.701038217418326,14.4649655434629,0.41585858585858587,3
19,14.4649655434629,15.504005758139765,0.7009109980113217,14.4649655434629,0.4109090909090909,3
20,14.584250278036869,15.425116949433766,0.6195410949515766,14.4649655434629,0.40595959595959596,3
21,14.584250278036869,15.36360850319018,0.627511275383792,14.4649655434629,0.40101010101010104,3
22,14.584250278036869,15.242408308397458,0.5796180502023163,14.4649655434629,0.39606060606060606,3
23,14.584250278036869,15.216388340021867,0.5637064609352926,14.4649655434629,0.39111111111111113,3
24,14.584250278036869,15.241777268992736,0.44482912126923113,14.4649655434629,0.38616161616161615,3
25,14.584250278036869,15.342665569313061,0.48822977733244705,14.4649655434629,0.3812121212121212,3
26,14.4649655434629,15.272509589134659,0.5048689405157789,14.4649655434629,0.3762626262626263,3
27,14.387475490101846,15.130914174791258,0.4080592649986466,14.387475490101846,0.3713131313131313,3
28,14.37571129984594,15.173798004196964,0.5030057888111015,14.37571129984594,0.36636363636363634,3
29,14.37571129984594,15.104906726233173,0.5244485363290209,14.37571129984594,0.3614141414141414,3
30,14.37571129984594,14.954337817852725,0.5300235801867378,14.37571129984594,0.3564646464646465,3
31,14.37571129984594,14.865373580017817,0.4658266305329052,14.37571129984594,0.35151515151515156,3
32,14.37571129984594,14.764470080628705,0.4164185145954317,14.37571129984594,0.3465656565656566,3
33,14.04959013639538,14.690971080910671,0.4247467259989041,14.04959013639538,0.3416161616161616,3
34,14.003569153775237,14.732725114355999,0.44824995863529915,14.003569153775237,0.33666666666666667,3
35,14.003569153775237,14.678718091890262,0.41373535828258584,14.003569153775237,0.33171717171717174,3
36,14.003569153775237,14.645426660499686,0.44589883492432064,14.003569153775237,0.32676767676767676,3
37,14.003569153775237,14.676641079514468,0.4305845957250168,14.003569153775237,0.32181818181818184,3
38,14.003569153775237,14.67668613190268,0.518004290148359,14.003569153775237,0.31686868686868686,3
39,14.003569153775237,14.637384523484032,0.5335918446592745,14.003569153775237,0.31191919191919193,3
40,14.003569153775237,14.531727179860576,0.49695213899878066,14.003569153775237,0.306969696969697,3
41,14.003569153775237,14.449150332647905,0.45119381329290886,14.003569153775237,0.302020202020202,3
42,14.003569153775237,14.369712252990832,0.3541808503918841,14.003569153775237,0.29707070707070704,3
43,13.790724809414742,14.315151640786588,0.3943213498657276,13.790724809414742,0.2921212121212121,3
44,13.790724809414742,14.276285149072066,0.4093538885829535,13.790724809414742,0.2871717171717172,3
45,13.790724809414742,14.363874873339087,0.5132229465273541,13.790724809414742,0.28222222222222226,3
46,13.790724809414742,14.379376840602452,0.6142723249195706,13.790724809414742,0.2772727272727273,3
47,13.790724809414742,14.29724705529268,0.5491419371442671,13.790724809414742,0.2723232323232323,3
48,13.790724809414742,14.37550157321641,0.6345117872988327,13.790724809414742,0.2673737373737374,3
49,13.790724809414742,14.254590389846735,0.5648995585814248,13.790724809414742,0.26242424242424245,3
50,13.790724809414742,14.262580408454793,0.6552736496317627,13.790724809414742,0.2574747474747475,3
51,13.790724809414742,14.118313316131013,0.5900417542039889,13.790724809414742,0.25252525252525254,3
52,13.790724809414742,14.074152459903333,0.4449608220230939,13.790724809414742,0.24757575757575756,3
53,13.790724809414742,14.06260419056575,0.5189737437781464,13.790724809414742,0.24262626262626263,3
54,13.790724809414742,13.938300563194673,0.2707671568809435,13.790724809414742,0.2376767676767677,3
55,13.65796522451032,13.935434242432565,0.29857496412600176,13.65796522451032,0.23272727272727273,3
56,13.65796522451032,14.006522793195098,0.4345520819175211,13.65796522451032,0.2277777777777778,3
57,13.65796522451032,13.882771913950622,0.22104676596708575,13.65796522451032,0.22282828282828282,3
58,13.65796522451032,13.891228783098272,0.2599407022073421,13.65796522451032,0.2178787878787879,3
59,13.65796522451032,13.906310602832326,0.33465822490394737,13.65796522451032,0.21292929292929297,3
60,13.65796522451032,14.01862802542342,0.6444404718018024,13.65796522451032,0.207979797979798,3
61,13.65796522451032,13.902554725399956,0.4444743337135784,13.65796522451032,0.20303030303030306,3
62,13.65796522451032,13.924351936114931,0.49488575483663133,13.65796522451032,0.19808080808080808,3
63,13.65796522451032,13.85253611998276,0.4252325580271154,13.65796522451032,0.19313131313131315,3
64,13.65796522451032,13.828513005374834,0.3997656722495052,13.65796522451032,0.18818181818181817,3
65,13.65796522451032,13.780746602600697,0.31125158412106946,13.65796522451032,0.18323232323232325,3
66,13.65796522451032,13.78798671660865,0.30943541462784424,13.65796522451032,0.17828282828282832,3
67,13.65796522451032,13.73047598507118,0.22962803217234992,13.65796522451032,0.17333333333333334,3
68,13.65796522451032,13.791343017733311,0.411605407200954,13.65796522451032,0.1683838383838384,3
69,13.516609194718914,13.813496296458203,0.4520926388448451,13.516609194718914,0.16343434343434343,3
70,13.516609194718914,13.790425761388276,0.3607151236887163,13.516609194718914,0.1584848484848485,3
71,13.516609194718914,13.825716386197893,0.3961521108911896,13.516609194718914,0.15353535353535352,3
72,13.516609194718914,13.775764554557263,0.3156799068396471,13.516609194718914,0.1485858585858586,3
73,13.516609194718914,13.734192323325665,0.32621688270467974,13.516609194718914,0.14363636363636367,3
74,13.516609194718914,13.683496177831575,0.24097858297008354,13.516609194718914,0.1386868686868687,3
75,13.516609194718914,13.670071091492622,0.3254416075782552,13.516609194718914,0.13373737373737377,3
76,13.516609194718914,13.725550158575475,0.3888913281407713,13.516609194718914,0.12878787878787878,3
77,13.516609194718914,13.674763522983476,0.39495045113041566,13.516609194718914,0.12383838383838386,3
78,13.36397674405503,13.609992819233792,0.34671915662755365,13.36397674405503,0.11888888888888893,3
79,13.36397674405503,13.584228012310305,0.2438488434619538,13.36397674405503,0.11393939393939395,3
80,13.36397674405503,13.538070712141437,0.11459339373388139,13.36397674405503,0.10898989898989903,3
81,13.36397674405503,13.585286734989563,0.3286607647731133,13.36397674405503,0.10404040404040404,3
82,13.36397674405503,13.496917189189059,0.0667678934909913,13.36397674405503,0.09909090909090912,3
83,13.36397674405503,13.508850391100445,0.17655781788330932,13.36397674405503,0.09414141414141414,3
84,13.36397674405503,13.524309597117615,0.24060178584201403,13.36397674405503,0.08919191919191921,3
85,13.36397674405503,13.508172972068127,0.34980835826062523,13.36397674405503,0.08424242424242429,3
86,13.36397674405503,13.445006980948635,0.20462600526606753,13.36397674405503,0.0792929292929293,3
87,13.36397674405503,13.388003047870834,0.08459468519675589,13.36397674405503,0.07434343434343438,3
88,13.36397674405503,13.385730031228082,0.10673663017144612,13.36397674405503,0.0693939393939394,3
89,13.36397674405503,13.40265016412015,0.15711405143372698,13.36397674405503,0.06444444444444447,3
90,13.36397674405503,13.395765233723074,0.14014193133297556,13.36397674405503,0.05949494949494949,3
91,13.36397674405503,13.396686381321112,0.13196175882295394,13.36397674405503,0.054545454545454564,3
92,13.36397674405503,13.378845100831004,0.07819626657091917,13.36397674405503,0.04959595959595964,3
93,13.36397674405503,13.402300347708822,0.19654663342569384,13.36397674405503,0.044646464646464656,3
94,13.36397674405503,13.371758579644679,0.05447284912753488,13.36397674405503,0.03969696969696973,3
95,13.36397674405503,13.36397674405503,0.0,13.36397674405503,0.03474747474747475,3
96,13.36397674405503,13.36397674405503,0.0,13.36397674405503,0.029797979797979823,3
97,13.36397674405503,13.36397674405503,0.0,13.36397674405503,0.024848484848484897,3
98,13.36397674405503,13.36397674405503,0.0,13.36397674405503,0.019898989898989916,3
99,13.36397674405503,13.36397674405503,0.0,13.36397674405503,0.01494949494949499,3
100,13.36397674405503,13.36397674405503,0.0,13.36397674405503,0.01,3
0,18.822497216032183,21.16005724336193,0.789834385397765,18.822497216032183,0.0,4
1,17.036308338453882,20.697897136029386,1.237702322819902,17.036308338453882,0.5,4
2,17.036308338453882,20.37872035040815,1.4151918346770809,17.036308338453882,0.4950505050505051,4
3,16.380972058177587,19.54667414881723,1.6156931068626077,16.380972058177587,0.4901010101010101,4
4,16.32767142944341,18.62914416736713,1.609931276380483,16.32767142944341,0.48515151515151517,4
5,16.32767142944341,17.67515160433686,1.2506122648318314,16.32767142944341,0.4802020202020202,4
6,15.728270376461449,17.220938979464975,1.050366318943718,15.728270376461449,0.47525252525252526,4
7,15.040658617698012,16.85432001102017,0.6789674783428884,15.040658617698012,0.47030303030303033,4
8,15.040658617698012,16.53418386699284,0.6117966519589974,15.040658617698012,0.46535353535353535,4
9,15.040658617698012,16.417184073766208,0.6726910295952798,15.040658617698012,0.4604040404040404,4
10,15.040658617698012,16.252066193557503,0.6740722250690755,15.040658617698012,0.45545454545454545,4
11,14.220294101747088,16.007833019216733,0.6177351082943754,14.220294101747088,0.4505050505050505,4
12,14.431300056749532,15.935672408712119,0.6835606090202244,14.220294101747088,0.44555555555555554,4
13,14.431300056749532,15.761412088103436,0.7282772648371555,14.220294101747088,0.4406060606060606,4
14,14.309243436828814,15.59519603676644,0.6909661844229299,14.220294101747088,0.43565656565656563,4
15,14.309243436828814,15.455480135759139,0.6516615273375058,14.220294101747088,0.4307070707070707,4
16,14.274887385102321,15.469589006448073,0.8588165530159518,14.220294101747088,0.4257575757575758,4
17,14.274887385102321,15.37683878504694,0.8627203547859527,14.220294101747088,0.4208080808080808,4
18,14.029822128134704,15.133472401612982,0.6006912265838712,14.029822128134704,0.41585858585858587,4
19,14.029822128134704,15.174519913551235,0.6486278644220594,14.029822128134704,0.4109090909090909,4
20,14.029822128134704,15.121071792861843,0.7136103807838878,14.029822128134704,0.40595959595959596,4
21,14.029822128134704,15.020179857605278,0.8695309010434304,14.029822128134704,0.40101010101010104,4
22,14.029822128134704,14.913209209037715,0.8248457795023125,14.029822128134704,0.39606060606060606,4
23,14.029822128134704,14.88389896922073,0.8093618904023188,14.029822128134704,0.39111111111111113,4
24,13.764688270438851,14.67399526251589,0.7816563984296276,13.764688270438851,0.38616161616161615,4
25,13.764688270438851,14.704085302177289,0.8620341302972525,13.764688270438851,0.3812121212121212,4
26,13.764688270438851,14.589499199108234,0.64630151836986,13.764688270438851,0.3762626262626263,4
27,13.764688270438851,14.71199305642108,0.7197653106249604,13.764688270438851,0.3713131313131313,4
28,13.764688270438851,14.65986317665562,0.7304589357786601,13.764688270438851,0.36636363636363634,4
29,13.764688270438851,14.478825563677379,0.5109164217952383,13.764688270438851,0.3614141414141414,4
30,13.764688270438851,14.50078073235546,0.598501139488356,13.764688270438851,0.3564646464646465,4
31,13.764688270438851,14.459815995929521,0.7459915874129089,13.764688270438851,0.35151515151515156,4
32,13.764688270438851,14.481650317919325,0.8861201359249747,13.764688270438851,0.3465656565656566,4
33,13.764688270438851,14.21035044235387,0.51039076034852,13.764688270438851,0.3416161616161616,4
34,13.764688270438851,14.14819813891956,0.499359003397232,13.764688270438851,0.33666666666666667,4
35,13.714944167960988,14.213450588705939,0.715730382595883,13.714944167960988,0.33171717171717174,4
36,13.58494332412792,14.227845482687744,0.7885818680634642,13.58494332412792,0.32676767676767676,4
37,13.727566688249707,14.301364905418756,0.791800266416993,13.58494332412792,0.32181818181818184,4
38,13.727566688249707,14.20446657304648,0.7333734086177418,13.58494332412792,0.31686868686868686,4
39,13.524845673131658,13.983489452736626,0.331184304450757,13.524845673131658,0.31191919191919193,4
40,13.524845673131658,13.953024748253311,0.36179463852797294,13.524845673131658,0.306969696969697,4
41,13.524845673131658,14.043303123492585,0.5862735235209832,13.524845673131658,0.302020202020202,4
42,13.524845673131658,14.16111182681524,0.7349339060780016,13.524845673131658,0.29707070707070704,4
43,13.524845673131658,14.08339481472133,0.6166226405973864,13.524845673131658,0.2921212121212121,4
44,13.524845673131658,14.0514588693515,0.5501614532683043,13.524845673131658,0.2871717171717172,4
45,13.524845673131658,14.084282056784218,0.7062536166193639,13.524845673131658,0.28222222222222226,4
46,13.524845673131658,13.917490506174577,0.42324972625940666,13.524845673131658,0.2772727272727273,4
47,13.524845673131658,13.900718431834399,0.47458641837556553,13.524845673131658,0.2723232323232323,4
48,13.524845673131658,13.780551997200543,0.3779531673371937,13.524845673131658,0.2673737373737374,4
49,13.524845673131658,13.839358050946911,0.5592617490837759,13.524845673131658,0.26242424242424245,4
50,13.524845673131658,13.738425931663812,0.4290789304626189,13.524845673131658,0.2574747474747475,4
51,13.524845673131658,13.878734014400907,0.6426539088791928,13.524845673131658,0.25252525252525254,4
52,13.524845673131658,13.768470168268525,0.35067274720147285,13.524845673131658,0.24757575757575756,4
53,13.524845673131658,13.90324775443036,0.690092344911422,13.524845673131658,0.24262626262626263,4
54,13.524845673131658,13.87535653351893,0.6406816297029276,13.524845673131658,0.2376767676767677,4
55,13.524845673131658,13.895988969144106,0.6501678345488308,13.524845673131658,0.23272727272727273,4
56,13.524845673131658,13.862906157736967,0.6655310048960824,13.524845673131658,0.2277777777777778,4
57,13.288854381999831,13.833456315344346,0.6923092568538295,13.288854381999831,0.22282828282828282,4
58,13.288854381999831,13.68100092622186,0.35232573487374885,13.288854381999831,0.2178787878787879,4
59,13.077638883463118,13.621287662438784,0.3322863037184244,13.077638883463118,0.21292929292929297,4
60,13.077638883463118,13.562935955332389,0.2450612896613921,13.077638883463118,0.207979797979798,4
61,13.077638883463118,13.573519501847015,0.42551968759767145,13.077638883463118,0.20303030303030306,4
62,13.077638883463118,13.630553451415942,0.6289263354321065,13.077638883463118,0.19808080808080808,4
63,13.077638883463118,13.46109964433394,0.29429725714115973,13.077638883463118,0.19313131313131315,4
64,13.077638883463118,13.477632587417515,0.46819345544793495,13.077638883463118,0.18818181818181817,4
65,13.077638883463118,13.435945922331378,0.5645904789491255,13.077638883463118,0.18323232323232325,4
66,13.077638883463118,13.369954667574298,0.5061264625020371,13.077638883463118,0.17828282828282832,4
67,13.077638883463118,13.339325681456534,0.38386885175629243,13.077638883463118,0.17333333333333334,4
68,13.077638883463118,13.437221646672485,0.594151070141752,13.077638883463118,0.1683838383838384,4
69,13.077638883463118,13.500285741830483,0.8602038353545038,13.077638883463118,0.16343434343434343,4
70,13.077638883463118,13.23482683909194,0.3342307817669915,13.077638883463118,0.1584848484848485,4
71,13.077638883463118,13.153513604689943,0.2594645866254516,13.077638883463118,0.15353535353535352,4
72,13.077638883463118,13.104909448907417,0.17677040660381568,13.077638883463118,0.1485858585858586,4
73,13.077638883463118,13.324754005148348,0.5091312842025134,13.077638883463118,0.14363636363636367,4
74,13.077638883463118,13.241644576574627,0.45535619846274433,13.077638883463118,0.1386868686868687,4
75,13.077638883463118,13.173765418003624,0.3011415407553451,13.077638883463118,0.13373737373737377,4
76,13.077638883463118,13.175545081654004,0.32784535198661063,13.077638883463118,0.12878787878787878,4
77,13.077638883463118,13.200952860357816,0.3171978704464101,13.077638883463118,0.12383838383838386,4
78,13.077638883463118,13.244588272407855,0.5755052160973014,13.077638883463118,0.11888888888888893,4
79,13.077638883463118,13.207918785676457,0.4545034919750792,13.077638883463118,0.11393939393939395,4
80,13.077638883463118,13.257352302696914,0.47714304804934354,13.077638883463118,0.10898989898989903,4
81,13.077638883463118,13.141174397326058,0.22740594090354177,13.077638883463118,0.10404040404040404,4
82,13.077638883463118,13.150270531434185,0.2389158408500847,13.077638883463118,0.09909090909090912,4
83,13.077638883463118,13.200859821077334,0.4838077062893302,13.077638883463118,0.09414141414141414,4
84,13.077638883463118,13.217437556687297,0.5738594048272073,13.077638883463118,0.08919191919191921,4
85,13.077638883463118,13.161792581154817,0.36329475686103796,13.077638883463118,0.08424242424242429,4
86,13.077638883463118,13.093892294901952,0.087715568756954,13.077638883463118,0.0792929292929293,4
87,13.077638883463118,13.14729164754675,0.3959572440837137,13.077638883463118,0.07434343434343438,4
88,13.077638883463118,13.181119853105379,0.5649655883277723,13.077638883463118,0.0693939393939394,4
89,13.077638883463118,13.15829605058862,0.3416995457727038,13.077638883463118,0.06444444444444447,4
90,13.077638883463118,13.132427601137715,0.2292494308903481,13.077638883463118,0.05949494949494949,4
91,13.077638883463118,13.119647608407087,0.16640346097097297,13.077638883463118,0.054545454545454564,4
92,13.077638883463118,13.119647608407087,0.16640346097097297,13.077638883463118,0.04959595959595964,4
93,13.077638883463118,13.101577019923344,0.11794694779856063,13.077638883463118,0.044646464646464656,4
94,13.077638883463118,13.077638883463118,0.0,13.077638883463118,0.03969696969696973,4
95,13.077638883463118,13.097076300929784,0.1360619222666585,13.077638883463118,0.03474747474747475,4
96,13.077638883463118,13.101380299814892,0.13875599215325127,13.077638883463118,0.029797979797979823,4
97,13.077638883463118,13.097277941678387,0.13747340750687928,13.077638883463118,0.024848484848484897,4
98,13.077638883463118,13.11262932160736,0.17275283761429627,13.077638883463118,0.019898989898989916,4
99,13.077638883463118,13.108341643321063,0.1504121906943373,13.077638883463118,0.01494949494949499,4
100,13.077638883463118,13.077638883463118,0.0,13.077638883463118,0.01,4
0,18.72474487139159,20.89470568196256,1.1008389077188845,18.72474487139159,0.0,5
1,16.593468988235944,20.410060541369948,1.4822821575219347,16.593468988235944,0.5,5
2,16.593468988235944,19.961495060371007,1.5704495891620445,16.593468988235944,0.4950505050505051,5
3,14.836229149573722,19.075437091535427,1.8393566518632238,14.836229149573722,0.4901010101010101,5
4,14.836229149573722,18.36246804873535,1.7267786827963627,14.836229149573722,0.48515151515151517,5
5,14.836229149573722,17.650233679132967,1.7752241617672233,14.836229149573722,0.4802020202020202,5
6,14.369535971483266,16.727132278917612,1.3274856797953891,14.369535971483266,0.47525252525252526,5
7,14.781488772222678,16.375341005144623,1.1160357527004703,14.369535971483266,0.47030303030303033,5
8,14.781488772222678,15.954560316750046,0.9803048543441344,14.369535971483266,0.46535353535353535,5
9,14.6431676725155,15.698670629271168,0.6939538193496109,14.369535971483266,0.4604040404040404,5
10,14.22736184954957,15.411521968911917,0.7202567907756887,14.22736184954957,0.45545454545454545,5
11,14.22736184954957,15.273522494652052,0.7720280741204768,14.22736184954957,0.4505050505050505,5
12,14.22736184954957,15.304475830168592,0.762315921470488,14.22736184954957,0.44555555555555554,5
13,14.22736184954957,15.1737604906144,0.7543944660850336,14.22736184954957,0.4406060606060606,5
14,14.22736184954957,15.060946595622022,0.6989298444961454,14.22736184954957,0.43565656565656563,5
15,14.22736184954957,14.90672580600995,0.6426338840463782,14.22736184954957,0.4307070707070707,5
16,13.877032961426902,15.019585445672616,0.893254863215284,13.877032961426902,0.4257575757575758,5
17,13.877032961426902,14.925974328276379,0.8378371175683998,13.877032961426902,0.4208080808080808,5
18,13.866190378969058,14.756451337521842,0.7609550866423269,13.866190378969058,0.41585858585858587,5
19,13.866190378969058,14.674796514481303,0.7017388753490834,13.866190378969058,0.4109090909090909,5
20,13.866190378969058,14.69968635788208,0.7024279928810185,13.866190378969058,0.40595959595959596,5
21,13.829563014098701,14.607395658295413,0.7381904136721885,13.829563014098701,0.40101010101010104,5
22,13.829563014098701,14.618421295656375,0.8638299608394753,13.829563014098701,0.39606060606060606,5
23,13.829563014098701,14.551021861726088,0.7958253107979437,13.829563014098701,0.39111111111111113,5
24,13.829563014098701,14.50222833412861,0.7277777030582612,13.829563014098701,0.38616161616161615,5
25,13.80384048104053,14.336150304884677,0.578681097111149,13.80384048104053,0.3812121212121212,5
26,13.80384048104053,14.315314772987987,0.5315828362294265,13.80384048104053,0.3762626262626263,5
27,13.80384048104053,14.34211645069837,0.6424205789679961,13.80384048104053,0.3713131313131313,5
28,13.80384048104053,14.145723414462909,0.4671370333590564,13.80384048104053,0.36636363636363634,5
29,13.80384048104053,14.259920436446066,0.5551496975121555,13.80384048104053,0.3614141414141414,5
30,13.73622914957372,14.170663057219452,0.4457221606896322,13.73622914957372,0.3564646464646465,5
31,13.73622914957372,14.190685121403453,0.4340547554861779,13.73622914957372,0.35151515151515156,5
32,13.73622914957372,14.246007455034414,0.6565881709726407,13.73622914957372,0.3465656565656566,5
33,13.73622914957372,14.32347714225432,0.6062646301208027,13.73622914957372,0.3416161616161616,5
34,13.700000000000001,14.24249890227423,0.5870447764007792,13.700000000000001,0.33666666666666667,5
35,13.54833147735479,14.293704949592774,0.742847169094476,13.54833147735479,0.33171717171717174,5
36,13.54833147735479,14.255485229119891,0.7871489208903802,13.54833147735479,0.32676767676767676,5
37,13.54833147735479,14.208894599186845,0.7331154717798669,13.54833147735479,0.32181818181818184,5
38,13.54833147735479,14.091195129969192,0.53788434442888,13.54833147735479,0.31686868686868686,5
39,13.54833147735479,14.012654125529659,0.6567039307474549,13.54833147735479,0.31191919191919193,5
40,13.54833147735479,13.98531418921572,0.5230831629283468,13.54833147735479,0.306969696969697,5
41,13.54833147735479,13.981694435952356,0.5757015257515204,13.54833147735479,0.302020202020202,5
42,13.54833147735479,13.963501119314653,0.6850760420285812,13.54833147735479,0.29707070707070704,5
43,13.54833147735479,14.024931488735955,0.7330278639282108,13.54833147735479,0.2921212121212121,5
44,13.54833147735479,13.879769707539811,0.6153448397930533,13.54833147735479,0.2871717171717172,5
45,13.54833147735479,13.77511926019343,0.48003647732154775,13.54833147735479,0.28222222222222226,5
46,13.54833147735479,13.769877075695144,0.5140349515820181,13.54833147735479,0.2772727272727273,5
47,13.54833147735479,13.72625378070976,0.3207374619703134,13.54833147735479,0.2723232323232323,5
48,13.54833147735479,13.846364333279247,0.47269287350324607,13.54833147735479,0.2673737373737374,5
49,13.54833147735479,13.777634883024017,0.3609079701056576,13.54833147735479,0.26242424242424245,5
50,13.54833147735479,13.723879287949826,0.377601395003201,13.54833147735479,0.2574747474747475,5
51,13.512403840463595,13.75069642001041,0.37991286314429046,13.512403840463595,0.25252525252525254,5
52,13.512403840463595,13.764839839947774,0.383969537681916,13.512403840463595,0.24757575757575756,5
53,13.512403840463595,13.762482167298312,0.3857776286498137,13.512403840463595,0.24262626262626263,5
54,13.512403840463595,13.77114825309437,0.41534159013308436,13.512403840463595,0.2376767676767677,5
55,13.512403840463595,13.835294228936007,0.529061889828798,13.512403840463595,0.23272727272727273,5
56,13.512403840463595,13.824224783145404,0.4739595740128574,13.512403840463595,0.2277777777777778,5
57,13.30990195135928,13.779127083886918,0.5183457743894793,13.30990195135928,0.22282828282828282,5
58,13.30990195135928,13.832989208832156,0.6061612001141105,13.30990195135928,0.2178787878787879,5
59,13.30990195135928,13.639862796229094,0.3357961293553741,13.30990195135928,0.21292929292929297,5
60,13.30990195135928,13.604910084056803,0.26742651316156446,13.30990195135928,0.207979797979798,5
61,13.30990195135928,13.663604433949182,0.3774576632542382,13.30990195135928,0.20303030303030306,5
62,13.30990195135928,13.637154482194328,0.4337863589123275,13.30990195135928,0.19808080808080808,5
63,13.30990195135928,13.522500166498826,0.24745267208755675,13.30990195135928,0.19313131313131315,5
64,13.30990195135928,13.533301413431008,0.3520963319176905,13.30990195135928,0.18818181818181817,5
65,13.30990195135928,13.571878425926455,0.43484370461815025,13.30990195135928,0.18323232323232325,5
66,13.30990195135928,13.537889596056786,0.39451679763464,13.30990195135928,0.17828282828282832,5
67,13.30990195135928,13.600567470472333,0.6061737936182626,13.30990195135928,0.17333333333333334,5
68,13.30990195135928,13.492538172621257,0.45775135506988,13.30990195135928,0.1683838383838384,5
69,13.30990195135928,13.457432861330696,0.4421192542583733,13.30990195135928,0.16343434343434343,5
70,13.30990195135928,13.42710251827982,0.37853266787047635,13.30990195135928,0.1584848484848485,5
71,13.299999999999999,13.403673761260748,0.4769288750727408,13.299999999999999,0.15353535353535352,5
72,13.299999999999999,13.452173952280427,0.5532515191489613,13.299999999999999,0.1485858585858586,5
73,13.299999999999999,13.505793351903812,0.6811602204320962,13.299999999999999,0.14363636363636367,5
74,13.299999999999999,13.445027977570755,0.4347711412298745,13.299999999999999,0.1386868686868687,5
75,13.299999999999999,13.385584819187361,0.19957035551983324,13.299999999999999,0.13373737373737377,5
76,13.299999999999999,13.466928209272657,0.4368636872913963,13.299999999999999,0.12878787878787878,5
77,13.299999999999999,13.447713260926916,0.4063627501753012,13.299999999999999,0.12383838383838386,5
78,13.299999999999999,13.425627110890979,0.40767797915375237,13.299999999999999,0.11888888888888893,5
79,13.299999999999999,13.373941423084352,0.269727198537216,13.299999999999999,0.11393939393939395,5
80,13.299999999999999,13.358820241337362,0.1744144179477677,13.299999999999999,0.10898989898989903,5
81,13.299999999999999,13.382543829937303,0.2797052470201962,13.299999999999999,0.10404040404040404,5
82,13.207106781186548,13.421260619279279,0.4473006699679892,13.207106781186548,0.09909090909090912,5
83,13.207106781186548,13.469992440811108,0.5164104969023812,13.207106781186548,0.09414141414141414,5
84,13.207106781186548,13.406653754847948,0.4449705393145981,13.207106781186548,0.08919191919191921,5
85,13.207106781186548,13.334918542122475,0.1411969567976661,13.207106781186548,0.08424242424242429,5
86,13.207106781186548,13.396845713134105,0.5503577355248065,13.207106781186548,0.0792929292929293,5
87,13.207106781186548,13.320489444756449,0.1616005798273762,13.207106781186548,0.07434343434343438,5
88,13.207106781186548,13.3082356638498,0.14165449520570117,13.207106781186548,0.0693939393939394,5
89,13.207106781186548,13.334295996039769,0.28369289968580286,13.207106781186548,0.06444444444444447,5
90,13.207106781186548,13.322913519757162,0.2973261601533384,13.207106781186548,0.05949494949494949,5
91,13.207106781186548,13.267555274405822,0.1567549605654675,13.207106781186548,0.054545454545454564,5
92,13.207106781186548,13.279589760103859,0.19505712533423844,13.207106781186548,0.04959595959595964,5
93,13.207106781186548,13.247896677914975,0.12047185735411378,13.207106781186548,0.044646464646464656,5
94,13.207106781186548,13.245122288529698,0.14875719444910881,13.207106781186548,0.03969696969696973,5
95,13.207106781186548,13.247739792498983,0.1565369346650955,13.207106781186548,0.03474747474747475,5
96,13.207106781186548,13.232213229368753,0.1629941155710306,13.207106781186548,0.029797979797979823,5
97,13.207106781186548,13.261912822250451,0.37059998865646554,13.207106781186548,0.024848484848484897,5
98,13.207106781186548,13.274362766571095,0.3819525790495023,13.207106781186548,0.019898989898989916,5
99,13.207106781186548,13.207106781186548,0.0,13.207106781186548,0.01494949494949499,5
100,13.207106781186548,13.207106781186548,0.0,13.207106781186548,0.01,5
